Time,x,y
141.81361889839172,26.5,14.5
202.74614429473877,2.5,20.5
264.3952329158783,27.5,8.5
