Time,x,y
132.65543580055237,8.5,22.5
229.86368489265442,27.5,4.5
