Time,x,y
143.08230376243591,26.5,10.5
208.50592303276062,2.5,28.5
