Time,x,y
154.71342515945435,28.5,27.5
226.61399292945862,1.5,12.5
