Time,x,y
146.49076557159424,26.5,7.5
225.13077831268311,2.5,19.5
