Time,x,y
151.14078116416931,3.5,25.5
240.37571215629578,24.5,7.5
