Time,x,y
174.47235083580017,5.5,27.5
255.17942380905151,12.5,2.5
