Time,x,y
198.94385838508606,26.5,1.5
274.33992218971252,9.5,27.5
