Time,x,y
154.52882361412048,26.5,1.5
213.29882764816284,6.5,23.5
