Time,x,y
154.78825688362122,27.5,7.5
202.67998361587524,2.5,14.5
275.92077565193176,23.5,8.5
